供應商編號,簡稱,全名,營業項目
005,大傳,大傳企業股份有限公司,電晶體(NS)
006,中興,中興保全股份有限公司,保全公司
007,仲利,仲利企業有限公司,PIN
008,互盛,互盛股份有限公司,影印機
010,中華,中華鋼製傢俱行,家俱行
012,日電貿,日電貿股份有限公司,AL CAP
014,弘海,弘海企業有限公司,貨運
015,正崧,正崧企業有限公司,BOBBIN
018,世愛,世愛電機股份有限公司,"RES(碳膜,水泥)"
019,TDK,台灣東電化股份有限公司,CORE CAP INDUCTOR
020,朋諾,台灣朋諾股份有限公司,日本接著劑
023,樺島,台灣樺島貿易有限公司,絕緣膠帶
025,光倫,光倫電子股份有限公司,IC.TR.DIODE.(CHIP)
026,偉詮,偉詮電子股份有限公司高雄分公司,"二極體,電晶體"
027,合碩,合碩企業有限公司,OS;CON CAP
029,建智,建智股份有限公司,"IC-TL431,UCC"
030,良達,良達科技股份有限公司,PCB
031,奇力新,奇力新電子股份有限公司,2.5*3*1
032,勤達,勤達廣告有限公司,
035,吳宗鑌,吳宗鑌,加工
036,定遠,定遠企業有限公司,IC-78M05T.....等
037,固緯,固緯電子實業股份有限公司,儀器
039,欣寶,欣寶工業有限公司,2218.2212.1609.1909
040,昶立,昶立精密實業有限公司,"CASE(S6,S2,MAU)"
041,洪印刷,洪印刷器材社,網版製作
042,新芳良,新芳良化工原料儀器有限公司,化學藥品
043,信昌,信昌電子陶瓷股份有限公司,"CAP,CHIP RES"
044,威倫,威倫電子股份有限公司,"DIODE-HER103,203"
045,聯邦,荷蘭商聯邦快遞國際股份有限公司台灣分公司,貨運
046,萃霸,香港商萃霸楊氏電子有限公司台灣分公司,TAN CAP 125度C
047,昭富,昭富實業股份有限公司,"POT CORE(14*8,11*7)"
049,信馳,信馳航空貨運承攬股份有限公司,貨運
050,研達,研達電化股份有限公司,DRW CORE
051,茂碩,茂碩實業有限公司,第六面
052,樂機,樂機電工材料有限公司,
053,特好,特好科技有限公司,插件電阻
054,鉅青,鉅青企業有限公司,CASE.PIN
055,唐業,唐業有限公司,"CL2431-CALOGIC,SC431-SEMTECH"
058,偉利,偉利鐵工廠股份有限公司,GAP CORE
060,偉度,偉度企業有限公司,IC
063,得毅,得毅實業股份有限公司,CAP
064,傑地,傑地有限公司,471-5LLAB......等
066,慈文,慈文企業股份有限公司,印刷
070,新原,新原金屬工業股份有限公司,錫絲
071,麗僑,麗僑紙器股份有限公司,紙箱
072,源興好,源興好企業社,CORE 加工EPOXY COATING
073,世平,世平興業股份有限公司,"diode,mosfet,ic,"
075,震旦行,震旦行股份有限公司,辦公設備
076,增你強,增你強股份有限公司,LX432-LINFINITY
079,儀測,儀測,儀器
080,奇普仕,奇普仕股份有限公司,IC.TAN CAP85度C.REG
082,鴻霖,鴻霖航空貨運代理股份有限公司,快捷
087,映達,映達電子股份有限公司,二極體
088,榮復,榮復國際有限公司,CHIP CAP
090,怡懋,怡懋實業有限公司,TR
091,佳筠,佳筠興業股份有限公司,SMT代工
092,功得,功得電子工業股份有限公司,保險絲
097,旺詮,旺詮股份有限公司,水泥電阻
100,捷準,捷準企業有限公司,
1000,承昱,承昱電子企業有限公司,
1001,崇泰,崇泰企業有限公司,
1002,線藝,線藝電子股份有限公司,
1003,智楊,智楊企業股份有限公司,防靜電產品
1004,育祥榮,育祥榮興業有限公司,真空袋
1005,寰宇,寰宇雷射有限公司,
1006,宇翔光電,宇翔光電有限公司,
1007,翔宇,翔宇科技股份有限公司,
1008,承儀,承儀電子股份有限公司,
1009,粘謹,粘謹機械股份有限公司,
1010,螺峰,螺峰金屬工業股份有限公司,
1011,進鴻,進鴻實業有限公司,
1012,震裕,震裕企業股份有限公司,
1013,潤鉅,潤鉅實業有限公司,被動元件 ( T-AI  /  KOA 電阻代理 )
1014,鼎繪,鼎繪包裝有限公司,紙箱
1015,詮鼎,詮鼎科技股份有限公司,
1016,敏慶,敏慶興業有限公司,CNC PIN
1017,璟垟,璟垟企業有限公司,
1018,鎰譁,鎰譁實業有限公司,
1019,精聯,精聯電子股份有限公司,條碼機
1020,佳恩,佳恩餐廚設備行,
1021,八方,八方室內裝修工程有限公司,
1022,黑也,黑也視覺企業社,
1023,耀新,耀新電子股份有限公司,PCB快洗
1024,瑞祥,瑞祥科技有限公司,點膠機、三軸點膠機
1025,馬路,馬路科技顧問股份有限公司,
1026,宏威,宏威國際通運有限公司,
1027,岡業,岡業科技股份有限公司,
1028,鈶威,鈶威科技股份有限公司,
1029,萬通,萬通人力資源顧問股份有限公司台南分公司,
103,詠翰,貝里斯商詠翰綠色科技股份有限公司台灣分公司,助焊劑 稀釋劑
1030,誠睿,誠睿科技實業有限公司,
1031,遠播,遠播資訊股份有限公司,網路廣告、雜誌出版品
1032,仲微,仲微科技有限公司,
1033,羅昇,羅昇企業股份有限公司,
1034,義展,義展科技有限公司,netgear
1035,品固,品固企業股份有限公司,
1036,碩哲,碩哲科技股份有限公司,TDK、奇力新
1037,鎧硯,鎧硯科技資訊有限公司,
1038,亞元,亞元科技股份有限公司,
1039,穎立,穎立科技有限公司,
1040,高柏,高柏科技股份有限公司,
1041,巨孚,巨孚儀器工業股份有限公司,
1042,茂荃,茂荃股份有限公司,
1043,活力,台灣活力有限公司,
1044,金日盛,金日盛電子材料行,
1045,金辰,金辰工業社,
1046,德特蒙,德特蒙有限公司,
1047,研華,研華股份有限公司,
1048,政茂,政茂企業股份有限公司,
1049,創先,台灣創先電子有限公司,
1050,極大,極大國際科技股份有限公司,溫度控制器
1051,賓志,賓志保全股份有限公司,保全公司
1052,盛興,盛興精密科技有限公司,
1053,禾宇,禾宇精密科技股份有限公司,
1054,千住,台灣千住電子股份有限公司,
1055,飛碟,飛碟機電科技有限公司,
1056,宇得,宇得國際企業有限公司,
1057,三住,台灣三住股份有限公司,
1058,理化,日商日本理化股份有限公司台灣分公司,
1059,飛皓,飛皓科技有限公司,
106,漢陽,漢陽航空貨運承攬有限公司,貨運
1060,億燕,億燕實業有限公司,Dow Corning分裝
1061,汎毅,汎毅科技有限公司,
1062,郁天,郁天科技有限公司,
1063,四維,四維精密材料股份有限公司,
1064,RS,RS COMPONENTS LTD,
1065,桔子,桔子科技工程有限公司,
1066,台一,台一國際智慧財產事務所,
1067,優力,瑞士商優力安全認證股份有限公司台灣分公司,
1068,萊因,台灣德國萊因技術監護顧問股份有限公司,
1069,愛比西,台灣愛比西諮詢有限公司,
107,立通,立通股份有限公司,
1070,LUCKY,LUCKY DRAGON INVESTMENTS LIMIT,
1071,營格,營格股份有限公司,電感
1072,創技,創技電子股份有限公司,
1073,市立醫院,台南市立醫院(委託秀傳醫療社團法人經營),
1074,瑾陽,瑾陽有限公司,
1075,亞思,亞思科技應用股份有限公司,
1076,電機工會,台灣區電機電子工業同業公會,
1077,立融,立融儀器貿易有限公司,
1078,世揚,世揚塑膠股份有限公司,
1079,加美,香港商加美國際驗證股份有限公司台灣分公司,
108,吉吉合,台灣吉吉合科技股份有限公司,
1080,世曉,世曉國際有限公司,被動元件 ( TDK MURATA  鴻達電感 )
1081,綠建,綠建股份有限公司,
1082,飛泰,飛泰貿易有限公司,
1083,博電,博電電子股份有限公司,
1084,冠坤,冠坤電子企業股份有限公司,
1085,達鼎,達鼎雷射股份有限公司,
1086,九佳,九佳科技股份有限公司,
1087,錫鑫,錫鑫企業社,
1088,ARROW,ARROW ELECTRONICS,
1089,感訊,感訊科技有限公司,
109,欣德,欣德股份有限公司,
1090,穎新,穎新科技股份有限公司,
1091,順德,順德工業股份有限公司,
1092,堃銘,堃銘彈簧股份有限公司,
1093,平陽,平陽計量系統有限公司,
1094,亞南,亞南企業社,
1095,金展,金展鈑金股份有限公司,
1096,元勝,元勝企業社,
1097,亨旺,亨旺螺絲工業有限公司,
1098,今展,今展科技股份有限公司,鋁板
1099,耘富,耘富工程有限公司,
110,致茂,致茂電子股份有限公司,電源供應器
1100,正淩,正淩精密工業股份有限公司,圓PIN
1101,一中,一中工業股份有限公司,
1103,駱泰,駱泰企業有限公司,
1104,全葳,全葳科技有限公司,
1105,力梭,力梭資訊股份有限公司,
1106,南一,南一電子有限公司,
1108,仲鈜,仲鈜科技股份有限公司,
1109,正泰,正泰電熱股份有限公司,
111,惠普,惠普科技股份有限公司,
1110,瀚誼,瀚誼科技有限公司,
1111,倬傑,倬傑科技實業有限公司,
1112,聲秦,聲秦企業有限公司,
1113,力全,力全企業社,
1114,汎翊,汎翊國際有限公司,
1115,華懋,華懋國際股份有限公司,
1116,新協祥,新協祥貿易有限公司,
1117,飛渡,飛渡電子 ( 香港 ) 有限公司,
1118,三聯,三聯科技股份有限公司,
1119,照敏,照敏企業股份有限公司,PCB
1120,欣橋,欣橋科技有限公司,
1121,宜大,宜大電線有限公司,
1122,寧英,寧英機械自動控制有限公司,
1123,台灣好利旺,台灣好利旺產業有限公司,
1124,基恩斯,台灣基恩斯股份有限公司,
1125,友環,友環股份有限公司,
1126,勳旺,勳旺電子股份有限公司,絕緣套管
1127,震昆,震昆有限公司,德律ICT機器
1128,均宸,均宸科技有限公司,
1129,承邦,承邦有限公司,
1130,順批,順批科技股份有限公司,
1131,光迅,光迅精密電子有限公司,
1132,茂億,茂億有限公司,
1133,東厚,東厚包裝材料有限公司,
1134,南佳明宏道三,南佳明宏道三企業社,
1135,勤友,勤友企業股份有限公司,
1136,中國信託產物,中國信託產物保險股份有限公司,
1137,新泓星,新泓星企業股份有限公司,
1138,鼎捷,鼎捷冷卻科技有限公司,
1139,凱德,凱德科技股份有限公司,
1140,行信行,行信行開發企業有限公司,
1141,涵堂,涵堂資訊有限公司,雜誌
1142,品勛,品勛科技股份有限公司,
1143,捷胤,捷胤工業有限公司,
1144,傳感,台灣傳感科技有限公司,
1145,佳鉅,佳鉅科技有限公司,
1146,御牧,台灣御牧股份有限公司,
1147,慧機,慧機科技股份有限公司,
1148,萬加,萬加精密科技有限公司,
1149,德通,德通端子股份有限公司,
115,美銓,美銓股份有限公司,
1150,協詠,協詠工業有限公司,
1151,盛浤,盛浤有限公司,
1152,智騰三維,智騰三維科技有限公司,
1153,豐丞,豐丞機電有限公司,
1154,宇瑞,宇瑞電子股份有限公司,
1155,墨翰,墨翰設計有限公司,
1156,由人,由人企業有限公司,
1157,勇進,勇進興業有限公司,
1158,和頌,和頌企業股份有限公司,
1159,協歷,協歷精機股份有限公司,
1160,擎昊,擎昊科技股份有限公司,
1161,晨祐,晨祐科技有限公司,
1162,百旭,百旭開發企業有限公司,
1163,意流,意流科技有限公司,
1164,壬寅,壬寅國際有限公司,現貨商
1165,麥克隆,麥克隆國際實業股份有限公司,
1166,慧越,慧越自動化設備科技有限公司,
1167,煒煌,煒煌有限公司,
1168,永大,日立永大電梯股份有限公司台南分公司,
1169,竑毅,竑毅企業有限公司,
1171,友源,友源機械有限公司,
1172,幸福,幸福角鋼有限公司,
1173,碁進,碁進儀器股份有限公司,
1174,開放,開放電子有限公司,
1175,旭聯創新,旭聯創新科技股份有限公司,儀器
1176,光能,光能興業社,
1177,双圓,双圓科技有限公司,
1178,符式,符式電腦企業有限公司,軟體項目
1179,ChipOneStop,"Chip One Stop, Inc.",
118,華儀,華儀電子股份有限公司,
1180,北科大,國立臺北科技大學,
1181,核友,核友株式会社,
1182,碧林,碧林科技股份有限公司,被動元件 Murata
1184,聯億,聯億材料有限公司,接著劑 點膠機 點膠耗材 ( LOCTITE )
1185,志耕,志耕企業股份有限公司,電感
1186,拉奇,拉奇企業股份有限公司,PARYLENE 鍍膜代工
1187,辰達,辰達應用材料有限公司,TESA 膠帶
1188,享豐,享豐科技有限公司,載帶包裝機 / 引拔力測試機 / CCD 檢測機等
1189,華勳,華勳實業有限公司,擠型PIN
119,勝昌,勝昌電料企業有限公司,
1190,立璽,立璽科技股份有限公司,點膠設備 /  膠水 / 耗材
1191,臺聘,臺聘股份有限公司,擠型PIN
1192,佳穎,佳穎精密企業股份有限公司,金屬沖壓連接PIN
1193,孟華,孟華科技股份有限公司,
1194,鵬鈞,鵬鈞科技有限公司,電腦週邊產品
1195,台達,台達電子工業股份有限公司,工業設備
1196,翔順,翔順工程行,遠端數位監視 / 電話總機 / 影視對講 / 門禁整合
1197,技高,技高工業股份有限公司,零件計數器
1198,泰樂,泰樂科技有限公司,磁性吸座製造商
120,昇立特,昇立特金屬股份有限公司,
1200,通業,通業技研股份有限公司,3D列印
1201,邁克奈微,邁克奈微科技有限公司,點膠設備
1202,研盛銘,研盛銘科技有限公司,自動化軟體設計
1203,品奇,品奇科技有限公司,擠壓PIN
1204,台灣華測,台灣華測檢測技術有限公司,
1205,鑫源,鑫源工業股份有限公司,電鍍加工 ( 鍍金 / 銀 )  滾鍍
1206,時上,時上有限公司,化學品
1207,紀田,紀田有限公司,3D印表機噴墨
1208,偉強,偉強股份有限公司,保險絲 力源
1209,巨祿,巨祿企業有限公司,
1210,家澄,家澄商行,冷氣空調
1211,英碩,英碩科技股份有限公司,連接器 PIN 針
1212,台鑫,台鑫國際實業有限公司,
1213,TI,Texas Instruments Incorporated,現貨商販售
1214,泓禧,泓禧工程企業有限公司,水電 房屋整修工程
1215,禮運研發,禮運研發有限公司,自動化流水線設備
1216,澤偉,澤偉室內裝修有限公司,中華西路新廠裝潢
1217,智茂,智茂科技有限公司,全自動PCB 分板機 /  全自動印刷機
1218,極印,極印快速成型股份有限公司,3D列印塑膠製品
1219,湧原,湧原有限公司,
1220,渝鴻,渝鴻實業有限公司,冷氣空調 ( 工程 )
1221,大綺,大綺機械實業廠,金屬 板金 修繕工程
1222,孕龍,孕龍科技股份有限公司,邏輯分析儀
1223,無介設計,無介設計整合有限公司,
1224,竣豪,竣豪電子股份有限公司,
1225,新技,新技科技企業社,條碼機 貼紙  掃描器
1226,全科,全科科技股份有限公司,半導體代理商
1227,東方馬達,台灣東方馬達股份有限公司,馬達零件
1228,正旭,正旭電子有限公司,電感
1229,台灣三軸,台灣三軸科技有限公司,雷射打標雕刻機
1230,延昌,延昌五金鉤環彈簧工廠,"金屬沖壓,彈簧扣件,線板材成型"
1231,康博,康博電子亞洲有限公司,電子零件
1232,聖潔,聖潔國際有限公司,3D列印
1233,捷絢,捷絢科技股份有限公司,
1234,Worldway,Worldway Electronics Limited,現貨商
1235,易海,易海科技( 香港 ) 有限公司,現貨商 ( 台達介紹 )
1236,中和碁電,中和碁電股份有限公司,自動控制 影像設備
1237,Rochester,Rochester Electronics Ltd.,現貨商
1238,景興,景興電腦科技有限公司,電腦設備
1239,聚源鑫,聚源鑫電子科技有限公司,現貨商
124,中南,中南通訊有限公司,
1240,信旺,信旺國際有限公司,PCB 公母接頭
1241,華凌,華凌光電股份有限公司,模組製造設計
1242,哈鈉,哈鈉儀器有限公司,濁度計
1243,代統,代統科技實業有限公司,變壓器
1244,鼎掄,鼎掄實業有限公司,"連接器,排線,端子台,排針"
1245,雅星,雅星科技有限公司,雷射應用
1246,能遠,能遠國際股份有限公司,主被動元件
1247,旭立,旭立科技股份有限公司,導熱商品 雙面膠 導熱墊片
1248,沛倫,沛倫股份有限公司,
1249,千勝,千勝工業有限公司,螺絲製造
125,鴻展,鴻展機電技術顧問股份有限公司,
1250,威塑,威塑國際有限公司,工程塑膠材料
1251,聖泰,聖泰橡膠有限公司,橡膠製品
1252,倫登,倫登國際有限公司,治具、零件加工製程
1253,汎武,汎武事業股份有限公司,電力配電器具
1254,三來司,三來司有限公司,無鉛電子焊接工具設備系列
1255,禾聲興,禾聲興科技有限公司,SMD+DIP電子產品代工服務
1256,奇帥,奇帥企業股份有限公司,
1257,TME,TME electronic components,主被動元件網路現貨商
1258,雷德商訊,雷德商訊股份有限公司,雜誌廣告
1259,上睿,上睿科技有限公司,
126,大佳,大佳五金實業有限公司,
1260,永明泰,永明泰科技股份有限公司,EPOXY 接著劑
1261,新永,新永實業社,"自動控制,系統整合工程"
1262,尚上,尚上儀器股份有限公司,冷凍櫃 / 機儀器設備
1263,東佑達,東佑達自動化科技股份有限公司,自動化零件 手臂、滑台模組、無人搬運車
1264,TTI,TTI Electronics Asia Pte Ltd (,主被動零件
1265,瑞喆,瑞喆實業有限公司,
1266,經典數位,經典數位印刷有限公司台南站前分公司,印刷
1267,雄港,雄港企業有限公司,點膠設備 接著劑
1268,上恆,上恆興業有限公司,SMT / DIP 代工
1269,富鉅,富鉅企業社,加工
127,建國,建國塑膠工業股份有限公司,產線用膠瓶
1270,誠朋,誠朋股份有限公司,RUBYCON 代理商
1271,有德,有德科技股份有限公司,導電膠帶泡棉
1272,三鉅,三鉅科技有限公司,自動化設備開發 貼標機
1273,RUTRONIK,Rutronik Electronics Asia HK L,現貨商
1274,盛鴻,盛鴻材料科技股份有限公司,導熱矽膠墊片
1275,元久,元久金屬有限公司,專業沖床加工
1276,信昇,信昇科技股份有限公司,SMT線設備廠商
1276-J,Faith Shine,FAITH SHINE CORP,SMT 設備商
1277,鑫明,鑫明實業有限公司,代工
1278,大椽,大椽股份有限公司,廣告雜誌
1279,EVER SHINING,EVER SHINING LTD,貿易進口商 ( 設備 SMT )
128,典新,典新企業股份有限公司,
128-1,頂新,頂新企業股份有限公司,
1280,威固,威固精密機械有限公司,
1281,日昇彈簧,日昇彈簧有限公司,金屬彈簧製造
1282,豐騰,豐騰企業股份有限公司,日本企鵝牌冰箱
1283,銓鈺,銓鈺科技有公司,"連接器用PIN,測試探針,POGO PIN,CNC加工件"
1284,岱鐠,岱鐠科技股份有限公司,燒綠器
1285,中華警安保全,中華警安保全(股)公司,保全
1286,宏浩,宏浩創新科技有限公司,設備
1287,佳因,佳因企業有限公司,專業製造移網印機 ( 鐵芯 )
1288,仟楊,仟楊工業有限公司,彈簧
1289,祥新,祥新工程行,裝潢工程行
129,鈞鼎,鈞鼎國際股份有限公司,
1290,羅博特,羅博特科技有限公司,SHIBAURA MACHINE機械手臂
1291,全通,全通翻譯社,翻譯
1292,友圓,友圓實業有限公司台南分公司,封裝機
131,廣瑞,廣瑞廣告股份有限公司,
132,美和,美和電子企業有限公司,
133,聯興,聯興興業有限公司,
134,震宇,震宇企業股份有限公司,
138,丹沙,丹沙股份有限公司,
140,新高中,新高中精密工業有限公司,
142,三冷,三冷冷氣行,
143,洋基,洋基通運股份有限公司,
145,欣岩,欣岩企業有限公司,
146,廣鴻,廣鴻有限公司,
147,百容,百容電子股份有限公司,
148,順吉,順吉報關企業有限公司,
149,榮星,榮星電線工業股份有限公司,
150,多代,台灣多代精密股份有限公司,鍍金 / 鍍錫 ( 吊鍍 + 滾鍍加工 )
151,宗穎,宗穎企業有限公司,
152,良機,良機實業股份有限公司台南分公司,
153,天漢,天漢資訊股份有限公司,
155,德運,德運國際有限公司,
156,康呈,康呈股份有限公司,導線架素材
157,電子情報,電子情報多媒體有限公司,
158,三立,三立消防安全設備有限公司,
159,歐鑫,歐鑫度量衡器有限公司,
160,優肯,優肯資訊有限公司,
161,新通鎰,新通鎰工業有限公司,
162,百電,百電企業有限公司,速冷劑
163,向聯,向聯科技企業有限公司,
164,瑞普,台灣瑞普有限公司,
165,康揚,康揚企業股份有限公司,
168,仲悅,仲悅有限公司,
169,聯合報,聯合報股份有限公司,
175,晶偉,晶偉電子股份有限公司,
176,安達,安達通運股份有限公司,
177,自由時報,自由時報,
178,喬越,喬越實業股份有限公司,
180,光耀行,光耀行實業有限公司,
181,御行,御行企業有限公司,
184,長碁,長碁企業有限公司,
185,百鋒,百鋒實業有限公司,
186,玉山,玉山工程企業行,
187,美倫,美倫廣告工藝社,
188,秋雨,秋雨印刷股份有限公司,
190,新光,新光產物保險股份有限公司,
191,林克,林克航空貨運代理股份有限公司,
192,台通,台通廣告股份有限公司,
195,君穎,君穎有限公司,
196,昭俐,昭俐有限公司,
197,立承,立承冷氣行,
200,芯業,芯業科技股份有限公司,
201,銘曄,銘曄股份有限公司,生產線用清洗劑
202,眾探,眾探企業有限公司,
203,凰吉,凰吉企業有限公司,
205,EHL,EHL,
214,品佳,品佳股份有限公司,
217,台璧,台璧實業有限公司,
218,宜均,宜均電機企業有限公司,
219,國成,國成環境清潔股份有限公司,
222,通展,通展電子有限公司,
223,威虹,威虹電機企業股份有限公司,
230,嘉銘,嘉銘實業社,
231,永安,永安航空貨運股份有限公司,
233,佳陞,佳陞企業有限公司,RES-YAGEO
238,施政文,施政文,
239,弘大,弘大電器企業有限公司,
241,電檢中心,財團法人台灣商品檢測驗證中心,
242,捷群,捷群國際有限公司,
244,三介,三介儀器有限公司,
246,茂綸,茂綸股份有限公司,"MICREL,HTC,ALTERA,INTERSIL,SAMTEC,AVERLOGIC"
252,新泰成,新泰成企業有限公司,
253,鳳慶,鳳慶航空貨運有限公司,
255,大冶,大冶電子科技股份有限公司,
256,亞格,亞格數位股份有限公司,
257,天宜,天宜科技股份有限公司,
258,憶得寶,憶得寶股份有限公司,
258-1,世淨光,世淨光有限公司,變壓器生產
259,工研院,財團法人工業技術研究院,
260,聯協航空,聯協航空貨運承攬有限公司,
261,全喬,全喬實業有限公司,
262,樹林,樹林企業股份有限公司,
263,威健,威健實業股份有限公司,vishay
266,佐臻,佐臻股份有限公司,
267,中華日報,中華日報,
272,世貿,世貿航空貨運承攬股份有限公司,
280,大安,大安航空貨運承攬有限公司,
283,音速,音速有限公司,
284,堅新,堅新電子工業股份有限公司,
285,橫河,台灣橫河科技股份有限公司,
286,傑佑,傑佑有限公司,
288,江軍,江軍企業股份有限公司,
289,震亞,震亞股份有限公司,
290,漢唐,漢唐科技股份有限公司,
291,泰菱,泰菱有限公司,
292,金牌,金牌不銹鋼鋁門窗,
294,民倉,民倉企業有限公司,
295,敦豪,新加坡商敦豪全球貨運物流股份有限公司台灣,
296,永豐,永豐紙業股份有限公司,
297,銳普,銳普電子股份有限公司,
299,美安,美安辦公設計有限公司,
300,六發,六發科技有限公司,
301,雙優,雙優科技股份有限公司,
302,金儀,金儀股份有限公司台南分公司,
303,日日通,日日通有限公司,
304,文中,文中資訊股份有限公司,
305,加大,加大企業股份有限公司,
306,宗昇,宗昇倉儲設備有限公司,
307,勁達,勁達國際有限公司,
308,飛華,飛華國際物流有限公司,
309,104,一零四資訊科技股份有限公司,
310,嵩億,嵩億工業股份有限公司,
311,蔚嘉,蔚嘉實業有限公司,
312,豐藝,豐藝電子股份有限公司,
314,匯僑,匯僑工業股份有限公司,
315,百谷王,百谷王企業有限公司,
316,幸託,幸託有限公司,
317,峰煜,峰煜貿易股份有限公司,
318,尚群,尚群科技有限公司,
319,八德行,八德行企業股份有限公司,
320,杰克,杰克科技有限公司,PIN
321,電大,電大國際貿易有限公司,
323,百徽,百徽股份有限公司,
324,台瑪,台瑪股份有限公司,
325,友尚,友尚股份有限公司,
326,樺邦,樺邦興業有限公司,
327,感應電子,台灣感應電子股份有限公司,
328,通用,通用公司,
329,暾揚,暾揚資訊科技有限公司,
330,永真,永真實業股份有限公司,
332,至上,至上電子股份有限公司,
333,廣均,廣均科技有限公司,
334,冠磁,冠磁企業股份有限公司,
335,秀波,秀波電子,
336,臺慶,西北臺慶科技股份有限公司,
337,利成,利成,
338,昭信,昭信企業有限公司,錫膏
339,億榮,億榮股份有限公司,
340,茂聖,茂聖通運企業股份有限公司,
341,興勤,興勤電子工業股份有限公司,"THINKING ELECTRONIC INDUSTRIAL CO., LTD."
343,高等,高等工業股份有限公司,
344,東凡,東凡科技有限公司,
345,立盟,立盟海空通運股份有限公司,
346,利元盛,利元盛有限公司,
347,永聿,永聿實業有限公司,
348,德技,德技股份有限公司,
349,飛裕,飛裕股份有限公司,
350,昇能,昇能科技開發有限公司,
351,千大,千大電料行,
352,邑富,邑富有限公司,
353,羽陽,羽陽科技股份有限公司,
354,守晟,守晟企業有限公司,
355,邁拓,邁拓企業股份有限公司,
356,珈戎,珈戎科技有限公司,
357,典琦,典琦科技股份有限公司,
358,拓維,拓維科技股份有限公司,
359,凱優特,凱優特有限公司,
360,益登,益登科技股份有限公司,
361,常蔚,常蔚電子工業股份有限公司,
362,華昕,華昕電子股份有限公司,
363,大華,大華高科股份有限公司,
364,美灣,美灣股份有限公司,
365,年程,年程科技股份有限公司,
366,文豪,文豪國際企業有限公司,
367,聯工,聯工檢驗顧問有限公司,
368,新萃,新萃科技股份有限公司,
369,遠洲,遠洲國際有限公司,
370,飛宏,飛宏企業股份有限公司,
371,MWS,(MWS)MAHMABA Routing#121000358,
372,昱泰,昱泰電子有限公司,
373,安星,安星企業股份有限公司,
374,宇宙,宇宙聯運企業有限公司,
375,俊先,俊先企業股份有限公司,
376,盛世佳,盛世佳實業有限公司,
377,林益,林益實業有限公司,線材
378,雄鋼,雄鋼科技有限公司,鋼板製作
379,寶靈頓,寶靈頓通運股份有限公司,
380,Digi-Key,Digi-Key Corporation,
381,德謙,德謙企業股份有限公司,
382,魯嶧,魯嶧聯運有限公司,
383,良友,良友牙科器材行,
384,懋蒼,懋蒼企業有限公司,矽膠片
385,統帥,統帥航空貨運代理股份有限公司,
386,工商時報,工商時報,
387,安捷倫,台灣安捷倫科技股份有限公司,電子測量儀器
388,宇詮,宇詮科技股份有限公司,
389,偉華,偉華科技有限公司,
390,千如,千如電機工業股份有限公司,電感
391,羽台,羽台資訊有限公司,
392,茂宣,茂宣企業股份有限公司,
393,隆鈞,隆鈞科技有限公司,
394,迅志,迅志科技有限公司,
395,呈宇,呈宇精密有限公司,
396,昶禹,昶禹有限公司,
397,仁暉,仁暉貿易股份有限公司,
398,尼賽拉,日商尼賽拉股份有限公司,
399,天實,天實企業股份有限公司,
400,美德,新加坡商亞太美德電子股份公司,
401,捷佳,台灣捷佳股份有限公司,益利速樂線材代理商
402,翔昇,翔昇電子股份有限公司,PCB
403,標準,標準科技股份有限公司,
404,天行,天行空運代理股份有限公司,
405,甲蟲,甲蟲興業有限公司,
406,擎雷,擎雷資訊股份有限公司,
407,善羚,善羚國際有限公司,Ti
408,國瀚,國瀚企業股份有限公司,
409,加紘,加紘科技有限公司,
410,世宇,世宇精測有限公司,
411,眾信,眾信企業管理顧問股份有限公司台南分公司,
412,聯新,聯新企業社,
413,力鋒,力鋒科技有限公司,
414,沛驊,沛驊國際股份有限公司,
415,依美利,美商依美利股份有限公司台灣分公司,
416,惠于,惠于企業有限公司,
417,皇豪,皇豪汽車百貨有限公司,
418,沛華,沛華實業股份有限公司,
419,盛筑,盛筑自動化機械有限公司,
420,浩翔,浩翔國際運通有限公司,
421,商儀行,商儀行贈品有限公司,
422,家巧,家巧實業股份有限公司,
423,浚鴻,浚鴻企業有限公司,
424,斐成,斐成企業股份有限公司,
425,捷飛,捷飛通運股份有限公司,
426,桀森,桀森資訊事務用品有限公司,
427,立德,香港商立德國際商品試驗有限公司,
428,璨新,璨新科技股份有限公司,
429,漢門,漢門科技股份有限公司,
430,福元,福元電機器材貿易有限公司,
431,岱暉,岱暉電子化學股份有限公司,
432,順成,順成通運股份有限公司,
433,佳總,佳總興業股份有限公司,
434,丞陽,丞陽文化事業有限公司,
435,東洋,東洋國際股份有限公司,
436,晉昌,晉昌國際股份有限公司,膠帶
437,巨佳,巨佳電子股份有限公司,
438,光頡,光頡科技股份有限公司高雄分公司,Res
439,慶揚,慶揚捷運股份有限公司,
440,實發,實發工業社,
441,敏茜,敏茜有限公司,
442,上寶,上寶報關有限公司,
443,頂勤,頂勤水電股份有限公司,
444,松暉,松暉營造股份有限公司,
445,宏羚,宏羚股份有限公司,
446,欣源,欣源電子股份有限公司,
447,優比速,美商優比速國際股份有限公司台灣分公司,
448,力地,立地自然涼設計工業股份有限公司,
449,嘉舜,嘉舜實業有限公司,
450,群運,群運環保股份有限公司,
451,萬絡,美商萬絡環球貨運股份有限公司台,
452,雷科,雷科股份有限公司,
453,德莎,德莎運通股份有限公司,
454,大統,大統報關有限公司,
455,大塚,大塚資訊科技股份有限公司,
456,天梭,天梭科技股份有限公司,
457,勝野,勝野有限公司,3M
459,嘉翎,嘉翎企業有限公司,Ferrite core
460,瑋新,瑋新企業社,
461,篆楷,篆楷科技股份有限公司,
462,泰陽,泰陽運通股份有限公司,
463,寶元,寶元科技股份有限公司,
464,梅玲,梅玲有限公司,
465,宜特,宜特科技股份有限公司,
466,佳虹,佳虹科技股份有限公司,
467,加達,加達通運股份有限公司,
468,今日,今日儀器股份有限公司,
469,俞蘇菁,俞蘇菁,
470,美峰,美峰特殊印刷有限公司,標籤、貼紙印刷
471,日立,HITACHI CHEMICAL(H.K.)LTD.,Molding Compound
472,恰合,恰合國際運輸股份有限公司,
473,恆揚,恆揚電機技術顧問股份有限公司,
474,谷登,台灣谷登企業有限公司,
475,協達,協達興業有限公司,
476,百立,百立報關股份有限公司,
477,代益,代益模具社,
478,大宗,大宗消防安全設備器材行,
479,基登,基登科技股份有限公司,
480,全達,全達通運股份有限公司,
481,振遠,振遠科技股份有限公司,
482,士盟,士盟航空貨運代理股份有限公司,
483,凌鈦,凌鈦科技有限公司,
484,華博,華博科技股份有限公司,
485,欣榮,欣榮物流股份有限公司,
487,奕慶,奕慶電子有限公司,
488,統鉞,統鉞股份有限公司,
489,于正,于正膠業有限公司,塑膠瓶
490,日風盛,日風盛實業有限公司,
491,中國時報,中國時報,
492,欣果,欣果企業行,
493,西村,日商西村化工產業股份有限公司台,
494,國祥,國祥貿易股份有限公司,
495,昱懋,昱懋國際開發有限公司,
496,添興,添興刀具五金行,
497,賀聯,賀聯,
498,喬京,喬京材料股份有限公司,Ferrite core
499,達翰,達翰電子股份有限公司,IC.TR.DIODE.(CHIP)
500,寰雅,寰雅運通股份有限公司,
501,臺灣產物,臺灣產物保險股份有限公司,
502,友俊,友俊國際股份有限公司,
503,賀耀,賀耀飲水設備有限公司,
504,成興,成興科技股份有限公司,
505,騏迅,騏迅國際運通股份有限公司,
506,怡合,怡合國際運輸股份有限公司,
507,吉吉瑞,吉吉瑞科技有限公司,
508,松谷,台灣松谷科技股份有限公司,
509,天晴,天晴文化事業,
510,至宥,至宥科教事業有限公司,
511,信可,香港商信可股份有限公司台灣分公司,
512,捷勤,捷勤國際有限公司,
513,英運,英運股份有限公司,
514,正陽,正陽企業股份有限公司,
515,大榮,大榮汽車貨運股份有限公司,
516,格揚,格揚企業股份有限公司,
517,丞捷,丞捷自動化有限公司,
518,吉軒,吉軒貿易有限公司,
519,太克,太克科技股份有限公司,
520,金敏,金敏實業社,電鍍加工 ( 滾鍍鍍金 )
521,豪松,豪松工業股份有限公司,CASE
522,凱泰,凱泰精工股份有限公司,
523,美觀,美觀清潔有限公司,清潔維護工程
523-1,家家,家家清潔行,清潔維護工程
524,寰盛,寰盛航空貨運承攬股份有限公司,
525,程智,程智科技股份有限公司,
526,SGS,台灣檢驗科技股份有限公司,ROHS檢驗
527,雍有,雍有科技股份有限公司,
528,普浩,普浩國際股份有限公司,
529,敦群,敦群運通股份有限公司,
530,九鑫,九鑫室內裝修有限公司,
531,成格,成格管理資訊股份有限公司,
532,泰仕,泰仕電子工業股份有限公司,
533,新美化,新美化精機工廠股份有限公司,
534,均盛,均盛廣告社,
535,三菱,台灣三菱電梯股份有限公司台南分公司,電梯保養
536,承廷,承廷貿易有限公司,
537,荃寶,荃寶科技股份有限公司,
538,大隆,大隆保利龍股份有限公司,
539,詮立,詮立電子有限公司,
540,佳必琪,佳必琪國際股份有限公司,
541,台証,台証科技股份有限公司,
542,銘輝,銘輝企業社,
543,東荷,東荷企業社,
544,金研院,財團法人金屬工業研究發展中心,
545,采科,采科聯運股份有限公司,
546,強速,強速航空貨運承攬股份有限公司,
547,科協,科協儀器股份有限公司,
548,鼎安,鼎安科技股份有限公司,"安規認證, UL, TUV, CB, 環球驗證 等."
549,君帆,君帆工業股份有限公司,
550,港捷,港捷國際運通有限公司,
551,亞晶,亞晶電腦企業有限公司,散熱片
552,可廷,台灣可廷公司,CORE 加工PARYLENE COATING
553,東金,東金科技企業有限公司,
554,京鼎,京鼎企業股份有限公司,
555,高仁,高仁有限公司,氣泡墊
556,拓亞,拓亞環球物流股份有限公司,
557,網際之星,網際之星資訊股份有限公司,
558,晟楠,晟楠金屬工業股份有限公司,銲錫材料
559,上大,上大興業股份有限公司,inductor
560,晶茂,晶茂電子科技有限公司,連接器
561,天健,天健聯運股份有限公司,
562,洛克,洛克儀器股份有限公司,
563,派立德,派立德科技有限公司,PCB
564,聚興,聚興科技股份有限公司,PI代理商
565,飛翔,飛翔科技有限公司,
566,塑晶,塑晶塑膠有限公司,
567,牛頓,牛頓產品設計開發有限公司,
568,啟墩,啟墩工業有限公司,
569,菲尼克斯,菲尼克斯有限公司,
570,伸機,伸機貿易有限公司,
571,旺金谷,旺金谷股份有限公司,
572,宏亞南,宏亞南電子股份有限公司,PCB製作
573,翔耕,翔耕科技有限公司,PC
574,繼業,繼業國際有限公司,鐵芯
575,盧氏,盧氏亞信企業有限公司,包裝材料
576,嘉憶,嘉憶興業有限公司,工業用膠
577,亞太,亞太環境科技股份有限公司,飲用水質檢測
578,進大,進大文具企業有限公司,文具用品
579,遠達,遠達國際企業有限公司,
580,全穎,全穎速達有限公司,
581,汎美,汎美檢驗科技有限公司,檢驗分析
582,原騰,原騰國際有限公司,貨物運送
583,久而久,久而久電子實業有限公司,自動浸焊機
584,閎康,閎康科技股份有限公司竹科分公司,電子元件及材料結構分析技術
585,安富利,新加坡商安富利股份有限公司,IC代理
586,復桂,復桂科技企業社,標籤紙、掃描機
587,冠捷,冠捷航空貨運承攬股份有限公司,
588,大禧,大禧工業股份有限公司,1-14LAYERS PCB
589,伊佐,台灣伊佐股份有限公司,真空包裝機、真空包裝袋
590,松儀,松儀電子股份有限公司,EMI電磁相容相關儀器
591,電計,台灣電計國際股份有限公司,
592,福士,福士股份有限公司,工業用清潔用品、潤滑油
593,松子,台灣松子企業有限公司,
594,獅威,獅威航空貨運承攬有限公司,
596,伯馬,伯馬企業有限公司,工業用接著劑、填縫劑
597,銥捷,銥捷企業有限公司,Nichicon
598,裕博,裕博化學股份有限公司,環氧樹脂、接著劑
599,志皇,志皇國際股份有限公司,NIPPON CHEMI CON電解電容
600,志函,志函電子科技股份有限公司,Liteon KDS Diode EVER OHMS
601,儀上,儀上有限公司,"NI ,UNIBRAIN"
602,比威特國際股,比威特國際股份有限公司,緩衝氣柱包裝材料
603,三禮,三禮電子器材股份有限公司,POWER INDUCTOR
604,運通,運通航空貨運承攬有限公司,空運公司
605,盛群,盛群辦公設備有限公司,碎紙機
606,富之餘,富之餘電子實業股份有限公司,安規電容器-->X1
607,永豐餘,永豐餘工業用紙股份有限公司高雄廠,出貨包裝用紙箱
608,寰泰,寰泰科技股份有限公司,保險絲
609,全華,全華精密股份有限公司台南分公司,科學儀器、試驗儀器、度量衡器、工業控制儀器
610,必拓,必拓國際有限公司,倉儲設備
611,九豪,九豪精密陶瓷股份有限公司,96%氧化鋁陶瓷基板
612,光騰,光騰工業科技股份有限公司,優質空氣淨化機
613,賀琪,賀琪股份有限公司,保險絲、開關、電容器
614,新洲,新洲全球股份有限公司,膠帶
615,供群,供群科技股份有限公司,精密儀器校正、買賣
616,駿廣,駿廣有限公司,產品廣告
617,友豊,友豊機電有限公司,馬達、零件買賣
618,崴鼎,崴鼎電子股份有限公司,PCB製作
619,信詠,信詠塑膠工業股份有限公司,Bobbin製作
620,捷士,捷士有限公司,研磨GAP(飛磁)
621,信德,信德電子股份有限公司,鐵芯製作
622,臻和,臻和科技股份有限公司,回焊爐、自動點膠機、自動焊錫機
623,進聯,進聯工業股份有限公司,照光式按鈕開關、歐規、日規、貫通式端子台
624,谷錡,谷錡科技股份有限公司,套管
625,大晉,大晉科技股份有限公司,絕緣線、漆包線
626,陽屹,陽屹科技股份有限公司,萬能材料試驗機、品質檢測儀器
627,森寶,森寶電子股份有限公司,變壓器製作、加工
628,松家,松家電業有限公司,AC安規電容Y1、Y2、X1、X2、陶瓷電容器、積層
629,連億,連億企業社,
630,睿城,睿城工業股份有限公司,切腳機、帶式電阻轉換機
631,泉璋,泉璋企業有限公司,
632,昱慶,昱慶特殊印刷股份有限公司,彩盒、貼紙
633,耀菱,耀菱電子有限公司,
633-1,藍菱,藍菱電子科技有限公司,
634,駿承,駿承空油壓有限公司,汽缸、油壓缸、油箱、馬達
635,上和,上和精密股份有限公司,鋁件、銅件
636,開瑞,開瑞航空貨運承攬股份有限公司,空運公司
637,天威,天威保全股份有限公司,保全公司
638,臺鑫,臺鑫股份有限公司,"Tan cap ,主、被動"
639,何碩,何碩科技股份有限公司,PCB切扳機、IC成型機
640,生宇,生宇企業股份有限公司,基層陶瓷電容器、安規電容
641,工業安全,社團法人中華民國工業安全衛生協會,作業環境檢測
642,神鍵,神鍵國際科技有限公司,冷卻器、高溫箱
643,華勝,華勝科技股份有限公司,點膠機
644,惠盛,惠盛電腦資訊社,環保碳粉夾
645,盈勤,盈勤股份有限公司,Bobbin
646,昌茂,昌茂企業股份有限公司,測試場地工程
647,集成,集成五金行,螺絲
648,輝軒,輝軒室內裝修國際興業有限公司,裝潢工程
649,宏億,宏億興業有限公司,接著劑
650,久鋐,久鋐實業有限公司,廠房施工工程
652,宏采,宏采國際有限公司,現貨商
653,億成,億成裝璜行,捲簾
654,品盛,品盛科技有限公司,機密儀器批發
655,優寶,優寶企業社,伺服器、變頻器
656,台技,台技工業設備股份有限公司,迴焊爐、測溫器
657,微傑,微傑科技股份有限公司,螺絲、端子台
658,高濱,高濱國際有限公司,貨運
659,亞致力,亞致力物流股份有限公司,貨運
660,濟瓏,濟瓏企業有限公司,貨運
661,融欣,融欣電子工業股份有限公司,電解電容、陶瓷電容
662,群益,群益膠帶股份有限公司,膠帶
663,巨盛,巨盛企業行,
664,驊麓寶,驊麓寶科技有限公司,TUBE、包裝材料
665,越峰,越峰電子材料股份有限公司,Core
666,弘竣,弘竣科技有限公司,
667,迅輝,迅輝國際貨運股份有限公司,
668,延升,延升實業有限公司,
669,賀順,賀順企業股份有限公司,高週波專業製造廠
670,立天行,立天行通運股份有限公司,貨運
671,達宏,達宏科技股份有限公司,
672,永騰,永騰精密有限公司,"治具,設備開發製造"
673,東西,東西國際物流股份有限公司,
674,慶泰興,慶泰興科技股份有限公司,陶瓷材料
675,宗群,宗群科技股份有限公司,弱電、停管系統
676,銳德,香港商銳德商訊(有)台灣分公司,廣告
677,歐亞美,歐亞美國際運輸股份有限公司,
678,亞比斯,亞比斯包材工場股份有限公司,包裝袋、緩衝包裝材
679,呈振,呈振企業股份有限公司,進口儀器代理
680,中泰,中泰開發冷凍機電有限公司,
682,志成,台南志成行,手套、氣泡布等號材
683,曜田,曜田精密科技股份有限公司,變壓器、電感
684,三信,台灣三信電氣股份有限公司,"NEC.UPEK,JAE,SII"
685,霽鴻,霽鴻資訊用品有限公司,報表紙、表單印刷
686,嶄富,嶄富科技企業有限公司,電容買賣
688,鵬峰,鵬峰海空物流有限公司,
689,致電,致電有限公司,"zetex ,kycon"
690,協中,協中實業股份限公司,空壓機及相關產品買賣維修
691,飛樂,飛樂科技有限公司,掃地機、洗地機
692,雙向溝通,雙向溝通股份有限公司,雜誌代理
693,政于,政于壓鑄廠股份有限公司,
694,康哲,康哲企業有限公司,電子電腦塑膠零件
695,玖樟,玖樟企業有限公司,
696,速焊,速焊科技有限公司,控溫烙鐵、烙鐵頭
697,日昇,日昇風管企業社,空調風管設備
698,均沛,均沛實業股份有限公司,防靜電相關原料
699,大瑞,大瑞化學工業有限公司,塗料
700,運捷,運捷資訊有限公司,
701,百振,百振有限公司,儀器、資訊設備
702,奧帝瑪,奧帝瑪科技股份有限公司,保險絲、電感
703,碩擇,碩擇實業股份有限公司,
704,冠崴,冠崴電子股份有限公司,
705,閎民,閎民科技股份有限公司,pcb製作
706,明邦,明邦實業股份有限公司,
707,基泰,基泰國際有限公司,全球的標準法規、半導體資料庫
708,騏宇,騏宇國際運通股份有限公司,
709,敦華,敦華電子材料有限公司,儀表、電源供應器、焊接工具
710,所羅門,所羅門股份有限公司,
711,國碩,國碩電子股份有限公司,EPOXY、導熱膏，黏著劑
712,矽達,矽達電子有限公司,
713,華豫寧,華豫寧股份有限公司,
714,沅陞,沅陞科技有限公司,切割機、熱壓機、點膠機
715,遠大,遠大五金有限公司,斜口鉗
716,環德,環德股份有限公司,塑膠製品
717,新永佳,新永佳水電材料行,
718,茗泓,茗泓自動化機械有限公司,塑膠、電子機械與週邊設備、測試設備
719,佳營,佳營電子股份有限公司,
720,泰陞,泰陞精密有限公司,零件加工、檢治具測試
721,環綸,環綸實業有限公司,護目鏡、安全衛生用品
722,城偉,城偉實業股份有限公司,洗模劑
723,大亞,大亞電線電纜股份有限公司,漆包線、三層絕緣線、電線電纜
724,祐詮,祐詮塑膠股份有限公司,塑膠射出
725,豐菱,豐菱實業股份有限公司,
726,大福,大福精密彈簧實業有限公司,拉伸彈簧、彈片
727,光菱,光菱電子股份有限公司,SEMTECH
728,頂晶,頂晶企業有限公司,超音波洗淨工程、設計、製造、維修
729,友信,友信電器有限公司,冷氣安裝
731,捷安達,捷安達科技有限公司,MYLAR
732,實威,實威國際股份有限公司,
733,達電,達電工程有限公司,熱風精密烤箱、輸送乾燥機
735,茂祥,茂祥電熱股份有限公司,測溫線
736,天鋼,天鋼股份有限公司,工作桌、刀具櫃、零件盒
737,三炅,三炅股份有限公司,量測儀器
738,群固,群固企業有限公司,EPOXY
739,惠康,惠康國際物流有限公司,貨運公司
740,展耀,展耀股份有限公司,現貨商
741,協銘,協銘電子有限公司,"MLCC,電解電容"
742,竣昇,竣昇企業有限公司,主動代理商
743,瑞領,瑞領科技股份有限公司,熱流研發測試設備、風扇特性及系統阻抗量測設備
744,東祥,東祥科技股份有限公司,探針、視覺檢測設備
745,大記,大記事務機器有限公司,碳粉匣、OA設備
746,源創,源創科技股份有限公司,
747,益利安,益利安電子有限公司(深圳),變壓器加工
748,時報廣告,時報廣告事業有限公司,
749,宣喬,宣喬科技股份有限公司,
750,漢華,漢華科技有限公司,ICT/FUNCTION測試治具
751,華譽,華譽運輸股份有限公司,貨運公司
752,民臻,民臻科技有限公司,主動元件
753,益和,益和股份有限公司,線圈測試機
754,方大,方大科技有限公司,MLCC
755,七泰,七泰電子股份有限公司,
756,偉祥,偉祥實業有限公司,
757,亞樵,亞樵電子有限公司,現貨商
758,世比亞,世比亞企業股份有限公司,
759,俐洋,俐洋企業有限公司,
760,信通,信通航空貨運承攬股份有限公司,
761,MPD,MICROPOWER DIRECT,
762,慶益,慶益機械有限公司,各式不銹鋼
763,勝特力,勝特力材料有限公司,
764,先達,先達環球物流有限公司,
765,盛通,盛通電子股份有限公司,
766,凱宏,凱宏航空貨運承攬股份有限公司,貨運公司
767,汎達,汎達股份有限公司,貨運公司
768,可台,可台有限公司,電動起子、放大鏡
769,均芸,均芸科技有限公司,放大鏡、鑷子
770,冠麟,冠麟科技股份有限公司,現貨
771,彩源,彩源企業股份有限公司,電阻、安規電容
772,IC,IC AGENT ELECTRONICS INC,
773,耘河,耘河科技有限公司,條碼機、標籤紙
774,工勝,工勝建材股份有限公司,
775,崇博,崇博企業有限公司,現貨
776,立驥,立驥實業有限公司,現貨
777,電阻,台灣電阻股份有限公司,現貨
778,韋億,韋億塑膠股份有限公司,塑膠盒、雜誌箱
779,統達,統達運通股份有限公司,貨運公司
780,華美,華美航運股份有限公司,貨運公司
781,富邦,富邦企業有限公司,
782,閎展,閎展電子有限公司,
783,晏陽,晏陽股份有限公司,
784,捷揚,捷揚訊科國際有限公司,
785,穎晟,穎晟實業有限公司,
786,CROSS,CROSS COMPONENTS INC.,
788,羅德史瓦茲,台灣羅德史瓦茲有限公司,
789,南方多利,南方多利創意有限公司,
790,誠毅,誠毅紙器股份有限公司,
791,超捷,超捷國際物流股份有限公司,貨運公司
792,鴻達,鴻達航空貨運承攬有限公司,貨運公司
793,益萬,益萬有限公司,
794,欣翔,欣翔科技儀器有限公司,恆溫濕機維修
795,漢宸,漢宸科技有限公司,
796,智勤,智勤國際有限公司,現貨
797,萬騰,萬騰國際物流有限公司,貨運
798,冠憶,冠憶電子科技有限公司,插件加工
799,維儀,維儀科技股份有限公司,儀器
800,匯基,匯基電子股份有限公司,
801,英德,英德電子(香港)有限公司,現貨
802,全球華人,全球華人股份有限公司,廣告
803,祥崴,祥崴電子股份有限公司,億光代理商
804,斯徠特,斯徠特光電股份有限公司,
805,金鼎,金鼎國際物流股份有限公司,貨運
806,高昇,高昇電子股份有限公司,
807,維捷,維捷電子有限公司,nec tan cap
808,文曄,文曄科技股份有限公司,
809,百泉,百泉工業股份有限公司,空心線圈、扁平線圈
810,全球,全球國際物流有限公司,貨運
811,偉隆,偉隆電子企業股份有限公司,鉭電、電解、陶瓷電容
812,盟登,盟登科技企業有限公司,
813,華林,華林電子有限公司,現貨
814,伯東,伯東國際通商股份有限公司,"JRC,ST,NI,FCI"
815,台江,台江化學工業股份有限公司,乾燥劑、濕度指示卡
816,旭日昇,旭日昇企業有限公司,
817,特裕,特裕精密企業股份有限公司,
818,利基,利基有限公司,
819,銓連,銓連股份有限公司,
820,凱茂,凱茂系統整合有限公司,
821,擎天,擎天通運有限公司,
822,上乘,上乘電子有限公司,
823,華德,華德通運股份有限公司,
824,漢宏,漢宏國際物流有限公司,
825,意迪恩,新加坡商意迪恩亞洲廣告有限公司台灣分公司,
826,紘譽,紘譽國際有限公司,
827,嘉聯,嘉聯電子零件有限公司,
828,漢緯,漢緯電子股份有限公司,
829,宇海,宇海科技股份有限公司,研發EMI測試
830,永鵬,永鵬電子股份有限公司,
831,合淙,合淙科技有限公司,
832,今華,今華電子有限公司,
833,統順,統順企業社,
834,嘉航,嘉航科技股份有限公司,
835,興旺,興旺電子有限公司,
836,銘將,銘將光電科技股份有限公司,
837,運廣通,運廣通股份有限公司,
838,展菱,展菱科技工程股份有份公司,
839,震豐,震豐股份有限公司,
840,新遠,新遠五金有限公司,
842,保章,保章企業有限公司,
844,科展,科展國際有限公司,電子檢測儀器設備
845,立肯,立肯科技股份有限公司,
846,灝瀚,灝瀚數碼電子有限公司,
847,威利達,威利達科技企業有限公司,
848,麥神,麥神有限公司,
849,暉曜,輝耀科技有限公司,
851,天馳,天馳航空貨運承攬有限公司,
852,京來,京來股份有限公司,
853,佳朋,佳朋科技有限公司,
854,泛亞,台灣泛亞班拿股份有限公司,
855,尚立,尚立股份有限公司,
856,凱璇,凱璇股份有限公司,
857,源能空壓,源能空壓節能科技有限公司,
858,詎詮,詎詮科技驗證顧問有限公司,
859,光謙,光謙科技有限公司,
860,正旺,正旺紙器業股份有限公司,
861,品嘉,品嘉配線器材有限公司,
862,台騑,台騑聯運股份有限公司,
863,天方,天方電子有限公司,
864,維科,維科電子股份有限公司,
865,MOUSER,MOUSER ELECTRONICS,
866,松田,珠海松田電工有限公司,
867,亞克,亞克儀器股份有限公司,
868,德律,德律科技股份有限公司,
869,誠鴻,誠鴻興業有限公司,
870,永眾,永眾科技股份有限公司,
871,三陽,三陽航空貨運代理有限公司,
872,旭曄光電,旭曄光電股份有限公司,
873,豪美,豪美國際企業有限公司,
874,成綸,成綸企業股份有限公司,
875,武長,武長交通企業有限公司,
876,震天,震天航空貨運承攬股份有限公司,
877,隆電,隆電股份有限公司,
878,宸穩,宸穩實業股份有限公司,
879,詮銘,詮銘科技股份有限公司,被動元件 ( TAIYO /  華新科 )
880,德光,德光精密有限公司,
881,可亭,台灣可亭有限公司,
882,眾智,眾智電子股份有限公司,主動代理商
883,晟鈦,晟鈦股份有限公司,
884,亦勵光電,亦勵光電科技有限公司,
885,佳易,楊漢水,
886,應用,應用電子股份有限公司,
887,VERICAL,"ARROW ELECTRONICS,INC.,DBA VER",
888,德鍵,德鍵電子工業股份有限公司,
889,崴晉,崴晉電子有限公司,
890,力垣,力垣企業股份有限公司,
891,華捷,華捷運通股份有限公司,
892,興溢,興溢股份有限公司,自動焊接設備
893,耀勝,耀勝電子股份有限公司,
894,光勤,光勤股份有限公司,
895,群志,群志貿易股份有限公司,
896,立錡,立錡科技電子有限公司,
897,麗綺,麗綺科技有限公司,
898,永豐餘消費品,永豐餘消費品實業股份有限公司,
899,廣振豐,廣振豐精密螺絲有限公司,
900,協佳電子,協佳電子機械廠,
901,華釜,華釜科技股份有限公司,
902,宣光,宣光企業有限公司,
903,品翔,品翔電通股份有限公司,bobbin
904,寰震,寰震國際運通股份有公司,
905,蕾特,蕾特科技有限公司,
906,進烜,進烜科技有限公司,沖模設計、LED導線架
907,宏周,宏周股份有限公司,PCB
908,立昂,立昂超音波機械有限公司,
909,均輝,均輝股份有限公司,
910,呈福,呈福精密有限公司,
911,義典,義典科技股份有限公司,環氧樹脂
912,昱捷,昱捷股份有限公司,
913,鼎易,鼎易科技有限公司,
914,千騰,千騰倉儲設備有限公司,
915,準測,準測科技有限公司,
916,鎰福,鎰福電子股份有限公司,
917,麒碩,麒碩科技有限公司,
918,新傑雅,新傑雅股份有限公司,
919,亞聚捷,亞聚捷實業有限公司,熱偶線
920,艾睿,艾睿電子股份有限公司,主動
921,百科,台灣百科精密儀器股份有限公司,
922,基業,基業國際通運股份有限公司,
923,光泰,光泰工業股份有限公司,包裝管
924,聯益康,深圳市聯益康電子有限公司,
925,富麗恩,富麗恩實業有限公司,
926,鑫中,鑫中空壓機械有限公司,
927,光映,光映科技股份有限公司,
928,福宮通商,福宮通商股份有限公司,
929,津日,津日股份有限公司,
930,巨剛,巨剛實業有限公司,
931,晟鼎,晟鼎科技股份有限公司,
932,群揚,群揚材料工業股份有限公司,
934,山宏昇,山宏昇電子有限公司,
935,台灣麥柯昇,台灣麥柯昇精密電機股份有限公司,
936,正宇,正宇精密工業股份有限公司,
937,易控,易控機器人股份有限公司,設備
938,永杰,永杰科技股份有限公司,
939,大綜電腦,大綜電腦系統(股)公司,
940,思益興,思益興科技有限公司,自動焊接設備
941,元智,元智雷射科技有限公司,雷射雕刻機
942,凱恩傑,凱恩傑科技股份有限公司,
943,恩柏仕,恩柏仕精密工業股份有限公司,機器設備
944,呈乙,呈乙企業股份有限公司,
945,創造力,創造力互動媒體有限公司,
946,鈊安,鈊安資訊科技股份有限公司,
947,優美,優美股份有限公司台南分公司,
948,邑昇,邑昇實業股份有限公司,PCB
949,唯真,唯真科技有限公司,
950,宇盛,宇盛精密鈑金工業有限公司,
951,百怡,百怡股份有限公司,
952,永匯豐,永匯豐科技有限公司,
953,佶克多,佶克多科技有限公司,
954,神港,神港電機股份有限公司,溫、濕度記
955,密特,密特科技有限公司,
956,良宏,良宏科技有限公司,
957,太一電子,太一電子檢測有限公司,
958,逸凡,逸凡科技股份有限公司,
959,深圳旺寶,深圳旺寶電子科技有限公司,
960,拓緯,拓緯實業有限公司,
961,禾全刀具,禾全刀具企業社,
962,長鼎鑫,長鼎鑫科技有限公司,
963,遠榮,遠榮科技有限公司,
964,AVNET,AVNET,
965,川葉,川葉防水工程有限公司,
966,鈺鎧,鈺鎧科技股份有限公司,
967,智誠,智誠實業股份有限公司,
968,新約,新約企業有限公司,
969,順豐,台灣順豐速運股份有限公司,
970,五福,五福電線股份有限公司,
971,天遞,荷蘭商天遞股份有限公司台灣分公司,
972,永裕,永裕電機水箱行,
973,舜群,舜群科技有限公司,電子材料
974,特律興,特律興企業股份有限公司,
975,杰鼎,杰鼎先進科技有限公司,
976,宏峰,宏峰實業有限公司,
977,鋒鑫,鋒鑫鋁業股份有限公司,
978,勝軒,勝軒科技有限公司,
979,富侑鑫,富侑鑫工程有限公司,
979-1,上鐵,上鐵企業有限公司,
979-2,風之谷,風之谷負壓式動力風機科技有限公司,
981,全悅,全悅企業有限公司,
982,力源,力源電子有限公司,
983,明成,明成彩色印刷股份有限公司,
984,得市,得市企業股份有限公司,
985,國光,國光電子線股份有限公司,
986,嘉男,嘉男股份有限公司,
987,伍仕,伍仕電子股份有限公司,
988,經典,經典園藝,
989,詮翊,詮翊企業有限公司,
990,德凱宜特,德凱宜特股份有限公司,實驗室
991,科邁斯,科邁斯科技股份有限公司,
992,尚宸,尚宸電子有限公司,
992-1,弼翔,弼翔科技有限公司,
992-2,傑克網,傑克網科技有限公司,
992-3,仲宇,仲宇電氣有限公司,
993,春發,春發企業社,
994,均旻,均旻企業有限公司,
995,台衛,台衛科技股份有限公司,
996,冠榮,冠榮科技股份有限公司,
997,上允,上允企業社,
998,南科,南科環境技術股份有限公司,
1300,新明,新明國際事業有限公司,電子廠軟硬體設備
1301,佑嘉,佑嘉開發實業有限公司,五金配件
1302,瀚升,瀚升精密科技有限公司,"貼標機,充填機"
1303,柏昇,柏昇企業股份有限公司,漏水偵測器、超音波流量計/熱量計、流量計、液位計
1304,瑉達,瑉達機械有限公司,"自動化設備規劃.設計.製造,設備修改及零組件販售"
1306,台灣安東帕,台灣安東帕有限公司,高精密測量儀器
1307,穩得實業,穩得實業股份有限公司,EMC及線路保護元件銷售.認證測試之整合性服務
1308,星銘,星銘有限公司,半導體IC代理商
1309,藝斯高,藝斯高生命科學有限公司,實驗室設備及其檢測服務
1310,啟昱,啟昱科技有限公司,自動化設備設計整合/設備耗材開發製作/電子部品維修
1311,廉鼎,廉鼎科技股份有限公司,銅鋁金屬加工
1312,巨鵬,巨鵬國際科技有限公司,變壓器加工
1313,紀泰,紀泰電線電纜股份有限公司,弱電.客製化電線
1317,超極,超極生技股份有限公司,PH酸鹼檢測儀、pH試片電極
1318,明泰,明泰板金有限公司,板金加工、其他類加工
1314,沛奇,沛奇自動化科技有限公司,SMT相關周邊
1315,橫店東磁,橫店集團東磁股份有限公司,鐵芯生產
1316,盈晟,東莞市盈晟電子有限公司,CASE BASE 變壓器骨架
1320,尚茂智能,尚茂智能科技股份有限公司,自動化設備
1183,宇翔,台南市歸仁區凱旋路3段260-4號,"式開發樣品模型,治具,檢具"
1321,INTERTEK,全國公證檢驗股份有限公司,檢驗機構
1322,東隆,東隆電器有限公司,電器 ( 冰箱)
1323,題陞,題陞交通運輸股份有限公司,運輸公司
1324,溢伸,溢伸有限公司,無塵室包耗材
1325,優適得,優適得科技有限公司,靜電釋放地面工程
1326,東洲,東洲檢測股份有限公司,非破壞檢測
1327,榮紹,榮紹實業股份有限公司,工業用塑膠製品
1328,美上鎂,美上鎂科技股份有限公司,陽極處理
1329,俊馳,俊馳材料科技股份有限公司,導電性、抗靜電性材料
1330,兆球,兆球科技有限公司,SMT設備、周邊及耗材之買賣
1331,向特,向特科技企業有限公司,四點探針、四點探針探頭、靜電量測與測試儀器、靜電消除器
1332,智鉉,智鉉企業有限公司,金屬沖壓
1333,立督,立督科技股份有限公司,陽極表面處理
1334,喜可士,喜可士股份有限公司,電子零組件製造
1335,双微,双微股份有限公司,CNC 切割設備
1336,嘉鴻,嘉鴻精密科技股份有限公司,無塵室備品/耗材
1337,愛高,愛高科技股份有限公司,3D列印代工
1339,喬翔,喬翔精機有限公司,漆包線分線設備
1341,尹鑽,尹鑽科技有限公司,測試治具與自動化設備之開發製造商
1343,華立,華立企業股份有限公司台北分公司,回天膠材
1347,和椿,和椿科技股份有限公司,四軸手臂
1346,艾冷,艾冷企業有限公司,空氣乾燥機
1352,協科,中山市協科電子有限公司,繞線機
1353,鏵瑋,鏵瑋電子科技有限公司,
1348,沐棉,沐棉有限公司,電子商品
1354,勝琦,勝琦光電科技有限公司,
1293,力巨,力巨水電工程行,水電及消防工程
1294,建臺,建臺有限公司,大亞 / 榮星 漆包線
1295,敦航,敦航國際物流有限公司,貨物承攬
1296,曜捷,曜捷運通股份有限公司,貨運承攬
1297,方均,方均科技股份有限公司,奈米鍍膜
1298,冠弘,冠弘報關股份有限公司,報關行
1299,飛騰,飛騰系統有限公司,S
1358,重欣,重欣企業有限公司,材料加工
1359,洤華,洤華科技儀器股份有限公司,恆溫燒機(老化)箱/室、燒機(老化)系統、燒機電子式負載
1362,翊驊,翊驊國際貿易股份有限公司,工作桌
1349,巨詣,巨詣實業有限公司,PVC門簾
1363,艾科尼斯,艾科尼斯股份有限公司,安規測試儀器、交流電源供應器
1368,歐特加,歐特加科技股份有限公司,
1369,大展,大展自動化有限公司,
